{
  "state": "WA",
  "generated_at": "2026-02-16",
  "sources": {
    "house": [
      "TTD-119 Official Member Telephone Directory (Clerk of the House)",
      "Congress.gov member profiles"
    ],
    "senate": [
      "Congress.gov member profiles",
      "Senators' official office locations pages"
    ]
  },
  "senators": [
    {
      "name": "Patty Murray",
      "party": "Democratic",
      "chamber": "Senate",
      "state": "WA",
      "dc_office": {
        "address": "154 Russell Senate Office Building, Washington, DC 20510",
        "phone": "(202) 224-2621"
      },
      "website": "https://www.murray.senate.gov/",
      "district_offices_url": "https://www.murray.senate.gov/office-locations/"
    },
    {
      "name": "Maria Cantwell",
      "party": "Democratic",
      "chamber": "Senate",
      "state": "WA",
      "dc_office": {
        "address": "511 Hart Senate Office Building, Washington, DC 20510",
        "phone": "(202) 224-3441"
      },
      "website": "https://www.cantwell.senate.gov/",
      "district_offices_url": "https://www.cantwell.senate.gov/contact/locations"
    }
  ],
  "house": [
    {
      "district": "WA-01",
      "name": "Suzan K. DelBene",
      "party": "Democratic",
      "dc_office": {
        "address": "2311 Rayburn House Office Building, Washington, DC 20515",
        "phone": "(202) 225-6311"
      },
      "website": "https://delbene.house.gov/"
    },
    {
      "district": "WA-02",
      "name": "Rick Larsen",
      "party": "Democratic",
      "dc_office": {
        "address": "2163 Rayburn House Office Building, Washington, DC 20515",
        "phone": "(202) 225-2605"
      },
      "website": "https://larsen.house.gov/"
    },
    {
      "district": "WA-03",
      "name": "Marie Gluesenkamp Perez",
      "party": "Democratic",
      "dc_office": {
        "address": "1431 Longworth House Office Building, Washington, DC 20515",
        "phone": "(202) 225-3536"
      },
      "website": "https://gluesenkampperez.house.gov/"
    },
    {
      "district": "WA-04",
      "name": "Dan Newhouse",
      "party": "Republican",
      "dc_office": {
        "address": "460 Cannon House Office Building, Washington, DC 20515",
        "phone": "(202) 225-5816"
      },
      "website": "https://newhouse.house.gov/"
    },
    {
      "district": "WA-05",
      "name": "Michael Baumgartner",
      "party": "Republican",
      "dc_office": {
        "address": "124 Cannon House Office Building, Washington, DC 20515",
        "phone": "(202) 225-2006"
      },
      "website": "https://baumgartner.house.gov/"
    },
    {
      "district": "WA-06",
      "name": "Emily Randall",
      "party": "Democratic",
      "dc_office": {
        "address": "1531 Longworth House Office Building, Washington, DC 20515",
        "phone": "(202) 225-5916"
      },
      "website": "https://randall.house.gov/"
    },
    {
      "district": "WA-07",
      "name": "Pramila Jayapal",
      "party": "Democratic",
      "dc_office": {
        "address": "2346 Rayburn House Office Building, Washington, DC 20515",
        "phone": "(202) 225-3106"
      },
      "website": "https://jayapal.house.gov/"
    },
    {
      "district": "WA-08",
      "name": "Kim Schrier",
      "party": "Democratic",
      "dc_office": {
        "address": "1110 Longworth House Office Building, Washington, DC 20515",
        "phone": "(202) 225-7761"
      },
      "website": "https://schrier.house.gov/"
    },
    {
      "district": "WA-09",
      "name": "Adam Smith",
      "party": "Democratic",
      "dc_office": {
        "address": "2264 Rayburn House Office Building, Washington, DC 20515",
        "phone": "(202) 225-8901"
      },
      "website": "https://adamsmith.house.gov/"
    },
    {
      "district": "WA-10",
      "name": "Marilyn Strickland",
      "party": "Democratic",
      "dc_office": {
        "address": "1724 Longworth House Office Building, Washington, DC 20515",
        "phone": "(202) 225-9740"
      },
      "website": "https://strickland.house.gov/"
    }
  ]
}